OBJECTID,Water System ID,sabl_pwsid,Boundary Type,System Name,SAFER Status,CVA Drought Risk,Funding Since 2017,County,Regulating Agency,Water Quality Risk Level,Accessibility Risk Level,Affordability Risk Level,TMF Capacity Risk Level,latitude,longitude,Service Connections,Population,Shape__Area,Shape__Length,Last Updated
1,CA1900007,CA1900007,Water Service Area,CALIFORNIA CONSERVATION CAMP #14,Not At-Risk,Low,0,LOS ANGELES,DISTRICT 16 - CENTRAL,None,0.2,Low,Medium,34.566609,-118.475671,1,107,263897.8398,2363.190486,11/14/2025
2,CA1900038,CA1900038,Water Service Area,LANCASTER PARK MOBILE HOME PARK,Failing,High,0,LOS ANGELES,DISTRICT 22 - ANGELES,High,0.46,Low,Low,34.746266,-118.131822,21,60,16068.3125,528.4951502,11/14/2025
3,CA1900046,CA1900046,Water Service Area,PETER PITCHESS HONOR RANCHO DETN. CTR,Not At-Risk,Low,0,LOS ANGELES,DISTRICT 22 - ANGELES,Low,0,None,Low,34.466064,-118.599968,1952,7000,531647.6172,6982.553786,11/14/2025
4,CA1900055,CA1900055,Water Service Area,BLUE SKIES TRAILOR PARK,Not At-Risk,Low,0,LOS ANGELES,DISTRICT 07 - HOLLYWOOD,None,0.67,Medium,None,34.504058,-118.030553,20,56,11743.08203,454.9815535,11/14/2025
5,CA1900062,CA1900062,Water Service Area,LOS ANGELES RESIDENTIAL COMMUNITY FOUNDA,At-Risk,High,2742601,LOS ANGELES,DISTRICT 22 - ANGELES,None,0.8,None,Medium,34.484901,-118.466621,22,184,56540.79688,1135.620435,11/14/2025
6,CA1900074,CA1900074,Water Service Area,THE PAINTED TURTLE CAMP,Not At-Risk,Low,0,LOS ANGELES,DISTRICT 07 - HOLLYWOOD,None,0.57,None,Medium,34.670698,-118.432792,5,57,1055562.84,4313.267312,11/14/2025
7,CA1900075,CA1900075,Water Service Area,BLEICH FLATS MUTUAL,Not At-Risk,Low,0,LOS ANGELES,DISTRICT 07 - HOLLYWOOD,None,0.5,Low,None,34.72541,-118.509736,34,42,4476482.863,9824.345374,11/14/2025
8,CA1900100,CA1900100,Water Service Area,METTLER VALLEY MUTUAL,Failing,High,495000,LOS ANGELES,DISTRICT 15 - METROPOLITAN,High,0.32,High,Low,34.786215,-118.63434,98,160,1525615.621,5497.914782,11/14/2025
9,CA1900102,CA1900102,Water Service Area,WESTSIDE PARK MUTUAL WATER,Not At-Risk,Low,0,LOS ANGELES,DISTRICT 07 - HOLLYWOOD,None,0,Low,Low,34.611659,-118.157559,171,495,2427664.719,6892.920028,11/14/2025
10,CA1900130,CA1900130,Water Service Area,DEL RIO MUTUAL,At-Risk,High,0,LOS ANGELES,DISTRICT 22 - ANGELES,Medium,0.32,High,Low,34.048,-118.02338,133,700,301822.5938,3416.668291,11/14/2025
11,CA1900145,CA1900145,Water Service Area,REESEDALE MUTUAL,Potentially At-Risk,Medium,0,LOS ANGELES,DISTRICT 15 - METROPOLITAN,None,0.14,High,Medium,34.692007,-117.976367,23,76,1021637.824,5467.663825,11/14/2025
12,CA1900146,CA1900146,Water Service Area,SUNNYSIDE FARMS MUTUAL WATER COMPANY,Not At-Risk,Low,0,LOS ANGELES,DISTRICT 07 - HOLLYWOOD,Low,0,None,None,34.627316,-118.196434,160,436,2848121.758,7887.276913,11/14/2025
13,CA1900154,CA1900154,Water Service Area,TIERRA BONITA MUTUAL WATER,At-Risk,High,0,LOS ANGELES,DISTRICT 16 - CENTRAL,High,0.23,High,Low,34.669752,-118.03658,32,75,478586.9141,2953.960984,11/14/2025
14,CA1900155,CA1900155,Water Service Area,WILSONA GARDENS MUTUAL,Not At-Risk,Low,0,LOS ANGELES,DISTRICT 22 - ANGELES,None,0,High,Low,34.667797,-117.825241,44,129,990014.9648,4974.496388,11/14/2025
15,CA1900158,CA1900158,Water Service Area,LITTLE BALDY WATER,At-Risk,High,1999999,LOS ANGELES,DISTRICT 15 - METROPOLITAN,None,0.09,High,High,34.471774,-117.757675,36,55,7990477.742,23425.94234,11/14/2025
16,CA1900301,CA1900301,Water Service Area,SHADOW ACRES MUTUAL WATER COMPANY,Not At-Risk,Low,0,LOS ANGELES,DISTRICT 07 - HOLLYWOOD,None,0,None,Low,34.610929,-118.174467,165,450,2966468.023,6970.978613,11/14/2025
17,CA1900303,CA1900303,Water Service Area,LLANO MUTUAL WATER COMPANY,Potentially At-Risk,Medium,0,LOS ANGELES,DISTRICT 15 - METROPOLITAN,None,0.32,High,Low,34.499536,-117.818238,83,245,21826340.29,19257.81662,11/14/2025
18,CA1900520,CA1900520,Water Service Area,THE VILLAGE MOBILE HOME PARK,Failing,High,1215700,LOS ANGELES,DISTRICT 07 - HOLLYWOOD,High,0.51,Low,Medium,34.734002,-118.134937,34,71,25197.83594,641.5375283,11/14/2025
19,CA1900523,CA1900523,Water Service Area,WHITE FENCE FARMS MWC NO.3,At-Risk,High,0,LOS ANGELES,DISTRICT 22 - ANGELES,High,0,None,High,34.631063,-118.17467,249,749,11862953.3,19815.1803,11/14/2025
20,CA1900529,CA1900529,Water Service Area,CAMP WILLIAMS-RESORT WATER,Not At-Risk,Low,0,LOS ANGELES,DISTRICT 16 - CENTRAL,None,0.25,Low,Low,34.232256,-117.791229,69,80,117453.6406,1470.550305,11/14/2025
21,CA1900537,CA1900537,Water Service Area,OAK GROVE MOBILE HOME PARK,At-Risk,High,0,LOS ANGELES,DISTRICT 15 - METROPOLITAN,High,0.34,None,Low,34.511219,-118.358617,31,109,26072.43359,639.9239529,11/14/2025
22,CA1900541,CA1900541,Water Service Area,WESTERN SKIES MOBILE HOME PARK,At-Risk,High,0,LOS ANGELES,DISTRICT 16 - CENTRAL,Medium,0.28,High,None,34.705345,-118.073303,61,198,44473.94141,845.7672873,11/14/2025
23,CA1900542,CA1900542,Water Service Area,"LOS ANGELES, CITY OF - POWER PLANT #2",At-Risk,High,0,LOS ANGELES,DISTRICT 15 - METROPOLITAN,Medium,0.44,Low,Low,34.592318,-118.449098,17,44,560384.0313,3204.752776,11/14/2025
24,CA1900555,CA1900555,Water Service Area,"LOS ANGELES, CITY OF - POWER PLANT #1",At-Risk,High,0,LOS ANGELES,DISTRICT 15 - METROPOLITAN,Medium,0.44,Low,Low,34.587245,-118.45232,19,29,598642.6055,4536.049129,11/14/2025
25,CA1900563,CA1900563,Water Service Area,"SUNDALE MUTUAL WATER COMPANY A, B",Not At-Risk,Low,0,LOS ANGELES,DISTRICT 07 - HOLLYWOOD,None,0.5,Low,None,34.812808,-118.259675,322,1050,12504243.3,19605.30528,11/14/2025
26,CA1900599,CA1900599,Water Service Area,VALHALLA WATER ASSOCIATION,Potentially At-Risk,Medium,0,LOS ANGELES,DISTRICT 22 - ANGELES,None,0.75,None,Low,34.288679,-118.230659,9,25,159175.7227,5307.640677,11/14/2025
27,CA1900616,CA1900616,Water Service Area,THE RIVER COMMUNITY,Potentially At-Risk,Medium,0,LOS ANGELES,DISTRICT 16 - CENTRAL,None,0.6,Low,Low,34.23296,-117.798045,1,35,50490.34375,1191.503707,11/14/2025
28,CA1900636,CA1900636,Water Service Area,EL RANCHO MOBILE HOME PARK,At-Risk,High,0,LOS ANGELES,DISTRICT 16 - CENTRAL,Low,0.38,High,Low,34.685096,-118.093172,76,215,74098.96875,1093.928473,11/14/2025
29,CA1900649,CA1900649,Water Service Area,GOLDEN SANDS MOBILE HOME PARK,At-Risk,High,0,LOS ANGELES,DISTRICT 07 - HOLLYWOOD,Low,0.37,Medium,Low,34.706116,-118.093173,152,450,59393.64063,1191.106887,11/14/2025
30,CA1900693,CA1900693,Water Service Area,DESERT PALMS MOBILE HOME PARK,At-Risk,High,328726,LOS ANGELES,DISTRICT 16 - CENTRAL,None,0.33,High,Low,33.766724,-116.975656,56,140,44214.65234,966.5753468,11/14/2025
31,CA1900707,CA1900556,,ILEAD AGUA DULCE CHARTER SCHOOL,Potentially At-Risk,Medium,0,LOS ANGELES,DISTRICT 15 - METROPOLITAN,Medium,0.47,None,None,34.487706,-118.332528,1,450,66579.35156,1060.255924,11/14/2025
32,CA1900717,CA1900717,Water Service Area,CASA DULCE ESTATES,Not At-Risk,Low,0,LOS ANGELES,DISTRICT 15 - METROPOLITAN,Low,0.84,None,None,34.493407,-118.311381,17,24,28377.83594,724.4655609,11/14/2025
33,CA1900721,CA1900721,Water Service Area,TERRA NOVA MOBILE HOME PARK,At-Risk,High,0,LOS ANGELES,DISTRICT 16 - CENTRAL,Medium,0.32,Medium,Low,34.70605,-118.101028,75,140,56368.97656,1168.663742,11/14/2025
34,CA1900750,CA1910070,,DEL SUR SCHOOL/WESTSIDE UNION DISTRICT,Not At-Risk,Low,0,LOS ANGELES,DISTRICT 22 - ANGELES,Low,0.7,Low,None,34.71941,-118.292499,2,825,374051504.2,522107.4433,11/14/2025
35,CA1900751,CA1910070,,EASTSIDE UNION SCHOOL DISTRICT,At-Risk,High,0,LOS ANGELES,DISTRICT 22 - ANGELES,None,0.88,Low,None,34.718249,-118.00695,36,650,374051504.2,522107.4433,11/14/2025
36,CA1900767,CA1900767,Water Service Area,GOLDEN VALLEY MUNICIPAL WATER DISTRICT,Potentially At-Risk,Medium,0,LOS ANGELES,DISTRICT 22 - ANGELES,None,0.5,High,Low,34.794339,-118.829748,22,70,50346228,44688.25333,11/14/2025
37,CA1900785,CA1900785,Water Service Area,MITCHELL'S AVENUE E MOBILE HOME PARK,Failing,High,1588390,LOS ANGELES,DISTRICT 16 - CENTRAL,High,0.38,High,Low,34.763347,-118.144817,24,24,36645.41797,769.0198218,11/14/2025
38,CA1900794,CA1900794,Water Service Area,ANTELOPE PARK MUTUAL WATER COMPANY,At-Risk,High,0,LOS ANGELES,DISTRICT 22 - ANGELES,Low,0.08,High,Low,34.671307,-118.162338,146,445,446254.8555,2846.640928,11/14/2025
39,CA1900801,CA1900801,Water Service Area,COLORADO MUTUAL WATER COMPANY,Not At-Risk,Low,0,LOS ANGELES,DISTRICT 16 - CENTRAL,None,0.25,Low,Low,34.681007,-117.97412,13,39,487053.8281,2963.926224,11/14/2025
40,CA1900803,CA1900803,Water Service Area,EL DORADO MUTUAL WATER CO.,Not At-Risk,Low,0,LOS ANGELES,DISTRICT 15 - METROPOLITAN,None,0,Low,None,34.623802,-118.156634,240,660,3914900.965,7911.681931,11/14/2025
41,CA1900804,CA1900804,Water Service Area,EVERGREEN MUTUAL WATER COMPANY,At-Risk,High,0,LOS ANGELES,DISTRICT 16 - CENTRAL,None,0.88,Low,None,34.69904,-118.050235,47,98,727431.418,3948.527967,11/14/2025
42,CA1900808,CA1900808,Water Service Area,LANCASTER WATER COMPANY,At-Risk,High,0,LOS ANGELES,DISTRICT 07 - HOLLYWOOD,High,0.06,High,Low,34.694934,-118.164679,22,80,118968.5586,1453.386614,11/14/2025
43,CA1900809,CA1900809,Water Service Area,LANDALE MUTUAL WATER COMPANY,Not At-Risk,Low,0,LOS ANGELES,DISTRICT 15 - METROPOLITAN,None,0,Medium,None,34.653344,-118.120584,187,550,3633631.668,7649.438048,11/14/2025
44,CA1900817,CA1900817,Water Service Area,CLEAR SKIES MOBILE HOME PARK,At-Risk,High,0,LOS ANGELES,DISTRICT 16 - CENTRAL,Medium,0.32,Medium,Low,34.701431,-118.105424,47,131,30926.17188,746.5701854,11/14/2025
45,CA1900843,CA1900843,Water Service Area,CALIFORNIAN MOBILE HOME PARK,At-Risk,High,0,LOS ANGELES,DISTRICT 07 - HOLLYWOOD,Medium,0.3,Medium,Medium,34.702415,-118.084745,133,372,110802.0664,1415.474007,11/14/2025
46,CA1900849,CA1900849,Water Service Area,LLANO DEL RIO WATER COMPANY,Not At-Risk,Low,0,LOS ANGELES,DISTRICT 15 - METROPOLITAN,None,0.2,Medium,Low,34.469628,-117.849705,191,545,6592058.277,14165.52438,11/14/2025
47,CA1900868,CA1900868,Water Service Area,RIVERS END TRAILER PARK,At-Risk,High,0,LOS ANGELES,DISTRICT 22 - ANGELES,None,0.6,Low,Medium,34.433686,-118.363763,45,35,25159.94531,769.7111865,11/14/2025
48,CA1900886,CA1900074,,HUGHES-ELIZABETH LAKE UNIFIED SCHOOL DIS,Not At-Risk,Low,0,LOS ANGELES,DISTRICT 07 - HOLLYWOOD,None,1,None,None,34.672663,-118.424973,2,550,1055562.84,4313.267312,11/14/2025
49,CA1900901,CA1900901,Water Service Area,FIRE SUPPRESSION CAMP #19,Not At-Risk,Low,0,LOS ANGELES,DISTRICT 16 - CENTRAL,None,0.2,Low,Medium,34.237832,-117.822949,1,125,54009.70703,987.3370548,11/14/2025
50,CA1900903,CA1900903,Water Service Area,SLEEPY VALLEY WATER COMPANY,At-Risk,High,0,LOS ANGELES,DISTRICT 22 - ANGELES,High,0.1,High,None,34.50947,-118.366272,57,160,275361.3047,2395.262569,11/14/2025
51,CA1900907,CA1900907,Water Service Area,SHERWOOD MOBILE HOME PARK,Not At-Risk,Low,0,LOS ANGELES,DISTRICT 16 - CENTRAL,Low,0.15,Medium,None,34.706659,-118.061639,185,540,132125.3984,1707.39412,11/14/2025
52,CA1900913,CA1900913,Water Service Area,LILY OF THE VALLEY MOBILE VILLAGE,Not At-Risk,Low,2742601,LOS ANGELES,DISTRICT 22 - ANGELES,None,1,None,None,34.465233,-118.481954,182,657,126175.6328,1449.5977,11/14/2025
53,CA1900936,CA1900936,Water Service Area,AQUA J. MUTUAL WATER COMPANY,Not At-Risk,Low,0,LOS ANGELES,DISTRICT 15 - METROPOLITAN,None,0.57,Low,Low,34.693887,-117.96531,49,158,978817.8516,3959.23884,11/14/2025
54,CA1900942,CA1900942,Water Service Area,ALPINE SPRINGS MOBILE HOME PARK,Failing,High,128125,LOS ANGELES,DISTRICT 07 - HOLLYWOOD,Low,0.77,None,Low,34.539286,-118.106924,53,175,23723.85547,640.5590619,11/14/2025
55,CA1900961,CA1900961,Water Service Area,WINTERHAVEN MOBILE ESTATES,Failing,High,0,LOS ANGELES,DISTRICT 15 - METROPOLITAN,High,0.44,Low,Medium,34.773909,-118.457227,20,56,20910.48828,606.217594,11/14/2025
56,CA1900975,CA1900975,Water Service Area,CALI LAKE RV RESORT,At-Risk,High,0,LOS ANGELES,DISTRICT 22 - ANGELES,Low,0.5,None,Medium,34.437263,-118.320596,47,99,69776.58984,1276.89839,11/14/2025
57,CA1907014,CA1907014,Water Service Area,NORTH TRAILS MUTUAL WATER COMPANY,Failing,High,0,LOS ANGELES,DISTRICT 15 - METROPOLITAN,High,0.33,None,None,34.49924,-118.33855,49,100,724802.7031,3445.31783,11/14/2025
58,CA1907028,CA1907028,Water Service Area,SPV WATER COMPANY,At-Risk,High,0,LOS ANGELES,DISTRICT 15 - METROPOLITAN,Low,0.5,High,None,34.514755,-118.304574,73,211,1329159.441,8317.5432,11/14/2025
59,CA1909006,CA1909006,Water Service Area,WEST VALLEY COUNTY WATER DISTRICT,At-Risk,High,0,LOS ANGELES,DISTRICT 22 - ANGELES,Medium,0.09,High,Low,34.789311,-118.581053,270,798,10624493.41,15782.51968,11/14/2025
60,CA1910001,CA1910001,Water Service Area,CITY OF ALHAMBRA,At-Risk,High,0,LOS ANGELES,DISTRICT 16 - CENTRAL,High,0,Low,Low,34.083832,-118.135772,18106,79776,28643033.26,24652.14988,11/14/2025
61,CA1910002,CA1910002,Water Service Area,AMARILLO MUTUAL WATER COMPANY,At-Risk,High,0,LOS ANGELES,DISTRICT 07 - HOLLYWOOD,High,0,Medium,Low,34.06619,-118.080098,625,3134,978910.3203,4736.505273,11/14/2025
62,CA1910003,CA1910003,Water Service Area,CITY OF ARCADIA,Not At-Risk,Low,0,LOS ANGELES,DISTRICT 22 - ANGELES,Medium,0,None,Low,34.135272,-118.037587,15564,51361,40470404.79,47416.1346,11/14/2025
63,CA1910004,CA1910004,Water Service Area,GSWC - ARTESIA,Not At-Risk,Low,0,LOS ANGELES,DISTRICT 15 - METROPOLITAN,None,0,Low,None,33.835139,-118.078276,10788,50375,16625333.4,33016.64091,11/14/2025
64,CA1910005,CA1910005,Water Service Area,"LOS ANGELES CWWD 40, REG. 38-LAKE LA",Not At-Risk,Low,0,LOS ANGELES,DISTRICT 16 - CENTRAL,Low,0,Low,Low,34.615865,-117.833482,3646,12568,26682439.78,36642.84734,11/14/2025
65,CA1910006,CA1910006,Water Service Area,SO. CAL. EDISON CO.-SANTA CATALINA,Potentially At-Risk,Medium,0,LOS ANGELES,DISTRICT 16 - CENTRAL,None,0,High,Low,33.382633,-118.434511,1916,3822,297313115,108707.4022,11/14/2025
67,CA1910009,CA1910009,Water Service Area,VALLEY COUNTY WATER DIST.,At-Risk,High,0,LOS ANGELES,DISTRICT 15 - METROPOLITAN,High,0,Low,Low,34.098728,-117.958347,12441,68871,33435887.77,42870.0026,11/14/2025
68,CA1910010,CA1910010,Water Service Area,CALIFORNIA WATER SERVICE CO.-LANCASTER,Not At-Risk,Low,0,LOS ANGELES,DISTRICT 22 - ANGELES,Medium,0,None,None,34.657145,-118.167417,675,1387,5010503.547,16737.41959,11/14/2025
69,CA1910011,CA1910011,Water Service Area,"GSWC - BELL, BELL GARDENS",Not At-Risk,Low,0,LOS ANGELES,DISTRICT 15 - METROPOLITAN,Medium,0,Medium,None,33.96406,-118.162095,7467,54877,11424848.86,28293.09857,11/14/2025
70,CA1910012,CA1910012,Water Service Area,BELLFLOWER HOME GARDEN WATER COMPANY,Not At-Risk,Low,0,LOS ANGELES,DISTRICT 16 - CENTRAL,None,0.6,Medium,None,33.871832,-118.146889,342,1129,763181.7539,3514.712397,11/14/2025
71,CA1910013,CA1910013,Water Service Area,BELLFLOWER - SOMERSET MWC,Not At-Risk,Low,0,LOS ANGELES,DISTRICT 07 - HOLLYWOOD,Medium,0,Medium,None,33.882083,-118.124521,7103,46300,13986641.92,25388.78874,11/14/2025
73,CA1910018,CA1910018,Water Service Area,BELLFLOWER MUNICIPAL WATER SYSTEM,Not At-Risk,Low,0,LOS ANGELES,DISTRICT 16 - CENTRAL,None,0,None,None,33.88339,-118.145002,1828,5999,2286529.512,19644.50697,11/14/2025
74,CA1910019,CA1910019,Water Service Area,"CERRITOS - CITY, WATER DEPT.",Not At-Risk,Low,0,LOS ANGELES,DISTRICT 16 - CENTRAL,Low,0,None,Low,33.870706,-118.048663,15342,47475,33248417.41,44126.07502,11/14/2025
75,CA1910020,CA1910020,Water Service Area,CAL-AM WATER COMPANY - EAST PASADENA,Failing,High,0,LOS ANGELES,DISTRICT 22 - ANGELES,Medium,0.34,Low,None,34.118081,-118.058834,3019,9949,4824286.961,15857.00862,11/14/2025
76,CA1910021,CA1910021,Water Service Area,LIBERTY UTILITIES - COMPTON,Not At-Risk,Low,0,LOS ANGELES,DISTRICT 22 - ANGELES,None,0,Low,Medium,33.900477,-118.256571,6926,26371,9179072.375,46767.94201,11/14/2025
77,CA1910022,CA1910022,Water Service Area,CALIF STATE POLYTECHNICAL UNIV - POMONA,Failing,High,0,LOS ANGELES,DISTRICT 22 - ANGELES,High,0,None,Low,34.056692,-117.821305,148,29854,2152303.996,7154.642794,11/14/2025
78,CA1910023,CA1910023,Water Service Area,AVERYDALE MWC,At-Risk,High,0,LOS ANGELES,DISTRICT 16 - CENTRAL,High,0.08,High,None,34.711071,-118.073125,4,1023,3208313.695,8950.233531,11/14/2025
79,CA1910024,CA1910024,Water Service Area,GSWC - CLAREMONT,Not At-Risk,Low,0,LOS ANGELES,DISTRICT 07 - HOLLYWOOD,Medium,0,None,None,34.114331,-117.717362,11295,39730,33174815.74,39255.27565,11/14/2025
80,CA1910025,CA1910025,Water Service Area,"LOS ANGELES CWWD 40, REG. 39-ROCK CREEK",Not At-Risk,Low,0,LOS ANGELES,DISTRICT 16 - CENTRAL,None,0,Low,None,34.482861,-117.885553,368,994,24470681.71,25989.17687,11/14/2025
81,CA1910026,CA1910026,Water Service Area,"COMPTON-CITY, WATER DEPT.",Not At-Risk,Low,0,LOS ANGELES,DISTRICT 22 - ANGELES,None,0,Medium,Low,33.896001,-118.224712,14562,74877,25362428.04,50974.9284,11/14/2025
82,CA1910027,CA1910027,Water Service Area,"LOS ANGELES CWWD 40, REG. 35-N.E. L.A.",Not At-Risk,Low,0,LOS ANGELES,DISTRICT 16 - CENTRAL,Medium,0,Low,None,34.701956,-117.762862,240,612,377332408.2,100290.8751,11/14/2025
83,CA1910028,CA1910028,Water Service Area,CRESCENTA VALLEY CWD,Potentially At-Risk,Medium,0,LOS ANGELES,DISTRICT 15 - METROPOLITAN,High,0,None,None,34.227434,-118.238651,8267,35841,14664265.32,44172.6022,11/14/2025
84,CA1910029,CA1910029,Water Service Area,CITY OF INDUSTRY WATERWORKS SYSTEMS,Not At-Risk,Low,0,LOS ANGELES,DISTRICT 07 - HOLLYWOOD,None,0,None,Low,34.036328,-117.990819,1860,6158,7958697.289,29776.82036,11/14/2025
85,CA1910030,CA1910030,Water Service Area,GSWC - CULVER CITY,Not At-Risk,Low,0,LOS ANGELES,DISTRICT 15 - METROPOLITAN,None,0,None,None,34.005967,-118.394446,9365,38213,18960806.14,33916.19638,11/14/2025
89,CA1910035,CA1910035,Water Service Area,KINNELOA IRRIGATION DIST.,Potentially At-Risk,Medium,0,LOS ANGELES,DISTRICT 07 - HOLLYWOOD,Medium,0,None,High,34.177835,-118.083323,594,1960,4545765.641,13337.15799,11/14/2025
91,CA1910038,CA1910038,Water Service Area,"EL MONTE-CITY, WATER DEPT.",At-Risk,High,0,LOS ANGELES,DISTRICT 16 - CENTRAL,High,0,Medium,None,34.073203,-118.039224,3545,22968,7729376.289,23940.20536,11/14/2025
93,CA1910040,CA1910040,Water Service Area,"EL SEGUNDO-CITY, WATER DEPT.",At-Risk,High,0,LOS ANGELES,DISTRICT 15 - METROPOLITAN,None,0.75,None,Low,33.916959,-118.402127,6364,16445,20381444.61,20353.3528,11/14/2025
95,CA1910042,CA1910042,Water Service Area,"PICO RIVERA - CITY, WATER DEPT.",Potentially At-Risk,Medium,0,LOS ANGELES,DISTRICT 07 - HOLLYWOOD,Medium,0.13,Low,Low,34.014941,-118.068566,9474,40600,25101048.37,68288.68905,11/14/2025
97,CA1910044,CA1910044,Water Service Area,"GLENDORA-CITY, WATER DEPT.",Not At-Risk,Low,0,LOS ANGELES,DISTRICT 07 - HOLLYWOOD,Low,0,None,None,34.134628,-117.850231,14053,49934,44107883.63,37857.49626,11/14/2025
99,CA1910046,CA1910046,Water Service Area,SUBURBAN WATER SYSTEMS-GLENDORA,Not At-Risk,Low,0,LOS ANGELES,DISTRICT 07 - HOLLYWOOD,None,0,Low,None,34.120656,-117.876775,1550,5249,3022517.328,19431.74604,11/14/2025
100,CA1910047,CA1910047,Water Service Area,HAWTHORNE-CITY WATER DEPT.,Not At-Risk,Low,0,LOS ANGELES,DISTRICT 22 - ANGELES,None,0,Medium,None,33.916688,-118.350432,6202,44718,21740738.96,41314.82691,11/14/2025
102,CA1910049,CA1910049,Water Service Area,"HUNTINGTON PARK-CITY, WATER DEPT.",Not At-Risk,Low,0,LOS ANGELES,DISTRICT 22 - ANGELES,None,0,Medium,Low,33.979119,-118.217732,5555,15437,9575596.176,21913.52109,11/14/2025
103,CA1910050,CA1910050,Water Service Area,"COMMERCE-CITY, WATER DEPT.",Not At-Risk,Low,0,LOS ANGELES,DISTRICT 22 - ANGELES,Medium,0,Low,None,33.991357,-118.139107,978,4205,10588177.09,16809.19717,11/14/2025
104,CA1910051,CA1910051,Water Service Area,"INGLEWOOD- CITY, WATER DEPT.",Not At-Risk,Low,0,LOS ANGELES,DISTRICT 07 - HOLLYWOOD,None,0,Medium,None,33.960867,-118.345436,15847,80824,28526669.87,33365.7909,11/14/2025
105,CA1910052,CA1910052,Water Service Area,CAL/AM WATER COMPANY - BALDWIN HILLS,Not At-Risk,Low,0,LOS ANGELES,DISTRICT 07 - HOLLYWOOD,Low,0,None,None,33.991553,-118.37144,6280,20724,12135138.82,23440.73349,11/14/2025
106,CA1910053,CA1910053,Water Service Area,HEMLOCK MUTUAL WATER CO.,Potentially At-Risk,Medium,0,LOS ANGELES,DISTRICT 22 - ANGELES,High,0.12,None,None,34.095275,-118.005294,208,686,324059.1133,3588.834814,11/14/2025
107,CA1910054,CA1910054,Water Service Area,LA CANADA IRRIGATION DIST.,Not At-Risk,Low,0,LOS ANGELES,DISTRICT 16 - CENTRAL,None,0,None,Low,34.217804,-118.212101,2949,9300,8892985.473,26334.88546,11/14/2025
108,CA1910056,CA1910056,Water Service Area,LAKE ELIZABETH MUTUAL WATER CO.,Not At-Risk,Low,0,LOS ANGELES,DISTRICT 07 - HOLLYWOOD,Low,0,None,None,34.648588,-118.350382,734,1790,25113524.8,52650.44745,11/14/2025
109,CA1910059,CA1910059,Water Service Area,SUBURBAN WATER SYSTEMS-LA MIRADA,Not At-Risk,Low,0,LOS ANGELES,DISTRICT 07 - HOLLYWOOD,None,0,None,Low,33.898562,-118.009265,15320,56793,32055630.61,40703.35954,11/14/2025
110,CA1910060,CA1910060,Water Service Area,LA PUENTE VALLEY CWD,Not At-Risk,Low,0,LOS ANGELES,DISTRICT 16 - CENTRAL,Low,0,None,Low,34.021533,-117.949798,2500,8243,6354942.867,19716.01911,11/14/2025
111,CA1910061,CA1910061,Water Service Area,LAS FLORES WATER CO.,At-Risk,High,0,LOS ANGELES,DISTRICT 16 - CENTRAL,None,1,None,None,34.199383,-118.132727,1479,4847,2909941.184,15679.01027,11/14/2025
112,CA1910062,CA1910062,Water Service Area,"LA VERNE, CITY WD",Not At-Risk,Low,0,LOS ANGELES,DISTRICT 15 - METROPOLITAN,Low,0,None,Low,34.127771,-117.762021,8819,31334,42920220.75,41804.44848,11/14/2025
113,CA1910063,CA1910063,Water Service Area,LINCOLN AVENUE WATER CO.,At-Risk,High,0,LOS ANGELES,DISTRICT 16 - CENTRAL,High,0.29,None,None,34.201416,-118.151774,4499,16088,10018199.21,20354.28163,11/14/2025
114,CA1910064,CA1910064,Water Service Area,LITTLEROCK CREEK IRRIGATION DIST.,Not At-Risk,Low,0,LOS ANGELES,DISTRICT 07 - HOLLYWOOD,Low,0,High,Low,34.532507,-117.988245,1369,3040,67683821.31,55441.44895,11/14/2025
116,CA1910066,CA1910066,Water Service Area,LEISURE LAKE MOBILE ESTATES,Potentially At-Risk,Medium,0,LOS ANGELES,DISTRICT 22 - ANGELES,Medium,0.12,Low,Low,34.760205,-118.168474,211,325,199070.1055,2034.124273,11/14/2025
119,CA1910072,CA1910072,Water Service Area,GSWC - WILLOWBROOK,Not At-Risk,Low,0,LOS ANGELES,DISTRICT 15 - METROPOLITAN,None,0,Medium,None,33.919682,-118.235379,1462,10747,2883411.18,10304.62094,11/14/2025
120,CA1910073,CA1910073,Water Service Area,"LOMITA-CITY, WATER DEPT.",Not At-Risk,Low,300000,LOS ANGELES,DISTRICT 07 - HOLLYWOOD,None,0,None,None,33.794993,-118.318198,4456,20256,6685290.984,15726.25419,11/14/2025
121,CA1910075,CA1910075,Water Service Area,LOS ANGELES CWWD 21-KAGEL CANYON,At-Risk,High,0,LOS ANGELES,DISTRICT 16 - CENTRAL,None,0.86,Low,None,34.289775,-118.376305,261,708,790904.4961,6106.078965,11/14/2025
122,CA1910077,CA1910077,Water Service Area,GSWC - FLORENCE/GRAHAM,At-Risk,High,0,LOS ANGELES,DISTRICT 15 - METROPOLITAN,High,0,Medium,None,33.969346,-118.24401,9793,63500,14108504.82,23311.03303,11/14/2025
123,CA1910079,CA1910079,Water Service Area,"LYNWOOD-CITY, WATER DEPT.",Not At-Risk,Low,0,LOS ANGELES,DISTRICT 22 - ANGELES,Medium,0,Medium,None,33.925132,-118.202233,9322,66967,16607133.8,23648.37889,11/14/2025
124,CA1910081,CA1910081,Water Service Area,LYNWOOD PARK MUTUAL WATER CO.,At-Risk,High,0,LOS ANGELES,DISTRICT 16 - CENTRAL,High,0.06,High,Low,33.914759,-118.224931,474,1500,521286.0664,3709.95924,11/14/2025
125,CA1910083,CA1910083,Water Service Area,"MANHATTAN BEACH-CITY, WATER DEPT.",Not At-Risk,Low,3500000,LOS ANGELES,DISTRICT 16 - CENTRAL,None,0,High,Low,33.889407,-118.39711,13444,32697,14846485.49,17518.07174,11/14/2025
126,CA1910084,CA1910084,Water Service Area,MAYWOOD MUTUAL WATER CO. #1,Potentially At-Risk,Medium,0,LOS ANGELES,DISTRICT 16 - CENTRAL,Medium,0,Medium,Low,33.985142,-118.193246,1167,5500,1516418.422,5755.01433,11/14/2025
127,CA1910085,CA1910085,Water Service Area,MAYWOOD MUTUAL WATER CO. #2,Not At-Risk,Low,2709645,LOS ANGELES,DISTRICT 16 - CENTRAL,None,0,Medium,None,33.988002,-118.187232,1907,6349,7038397.348,11811.43513,11/14/2025
128,CA1910086,CA1910086,Water Service Area,MAYWOOD MUTUAL WATER CO. #3,Not At-Risk,Low,0,LOS ANGELES,DISTRICT 16 - CENTRAL,Low,0,Medium,Low,33.988002,-118.18725,2023,6059,7037829.402,11809.12517,11/14/2025
130,CA1910090,CA1910090,Water Service Area,"MONROVIA-CITY, WATER DEPT.",Potentially At-Risk,Medium,0,LOS ANGELES,DISTRICT 22 - ANGELES,High,0,None,None,34.159483,-118.001878,9597,37931,50623041.35,41865.07301,11/14/2025
131,CA1910091,CA1910091,Water Service Area,MONTEBELLO LAND & WATER CO.,Not At-Risk,Low,0,LOS ANGELES,DISTRICT 16 - CENTRAL,Medium,0,Medium,None,34.013971,-118.109369,3948,26554,7216763.871,13754.43004,11/14/2025
132,CA1910092,CA1910092,Water Service Area,"MONTEREY PARK-CITY, WATER DEPT.",At-Risk,High,0,LOS ANGELES,DISTRICT 07 - HOLLYWOOD,High,0,Low,None,34.050141,-118.132173,13321,62183,27447820.19,30112.63864,11/14/2025
134,CA1910098,CA1910098,Water Service Area,GSWC - NORWALK,Not At-Risk,Low,0,LOS ANGELES,DISTRICT 15 - METROPOLITAN,Medium,0,Low,None,33.921338,-118.086374,9408,43176,16319906.66,38224.42066,11/14/2025
135,CA1910099,CA1910099,Water Service Area,PARADISE RANCH MHP,At-Risk,High,0,LOS ANGELES,DISTRICT 15 - METROPOLITAN,Medium,0.28,High,Medium,34.574874,-118.69102,95,360,134613.4063,1523.733738,11/14/2025
136,CA1910101,CA1910101,Water Service Area,ORCHARD DALE WATER DISTRICT,Not At-Risk,Low,0,LOS ANGELES,DISTRICT 07 - HOLLYWOOD,None,0,Low,Low,33.93342,-118.024685,4346,25000,7360366.809,17723.7177,11/14/2025
138,CA1910103,CA1910103,Water Service Area,PALM RANCH IRRIGATION DIST.,Not At-Risk,Low,0,LOS ANGELES,DISTRICT 16 - CENTRAL,Low,0,None,Low,34.642947,-118.218473,1718,5507,6762997.332,18191.41578,11/14/2025
139,CA1910104,CA1910104,Water Service Area,CALIFORNIA WATER SERVICE CO. - PALOS VER,Not At-Risk,Low,0,LOS ANGELES,DISTRICT 22 - ANGELES,None,0,None,None,33.76552,-118.366177,24493,71452,97729427.79,53723.77434,11/14/2025
140,CA1910105,CA1910105,Water Service Area,"PARAMOUNT - CITY, WATER DEPT.",At-Risk,High,0,LOS ANGELES,DISTRICT 07 - HOLLYWOOD,High,0,Medium,Medium,33.896104,-118.166157,7564,55200,18546832.11,23239.53679,11/14/2025
141,CA1910108,CA1910108,Water Service Area,CITY OF BELL GARDENS,Potentially At-Risk,Medium,1700000,LOS ANGELES,DISTRICT 15 - METROPOLITAN,Medium,0,Medium,Medium,33.969607,-118.143143,1642,11437,2907118.105,11819.77243,11/14/2025
142,CA1910117,CA1910117,Water Service Area,SAN GABRIEL VALLEY WATER CO-MONTEBELLO 2,Not At-Risk,Low,0,LOS ANGELES,DISTRICT 22 - ANGELES,None,0,Low,Low,33.990368,-118.131955,1524,7330,3377832.254,13928.80604,11/14/2025
144,CA1910125,CA1910125,Water Service Area,PICO WD,Not At-Risk,Low,0,LOS ANGELES,DISTRICT 07 - HOLLYWOOD,Medium,0,Low,None,34.002025,-118.075113,5361,22051,8544502.438,33182.3357,11/14/2025
146,CA1910127,CA1910127,Water Service Area,"COVINA-CITY, WATER DEPT.",Not At-Risk,Low,0,LOS ANGELES,DISTRICT 07 - HOLLYWOOD,None,0,Low,None,34.084785,-117.879552,8617,33300,19258415.4,44732.2168,11/14/2025
148,CA1910130,CA1910130,Water Service Area,QUARTZ HILL WATER DIST.,Not At-Risk,Low,0,LOS ANGELES,DISTRICT 16 - CENTRAL,Low,0,None,Low,34.638322,-118.187684,5850,19100,29029944.61,63568.28237,11/14/2025
149,CA1910134,CA1910134,Water Service Area,CALIFORNIA WATER SERVICE CO. - HERM/REDO,Not At-Risk,Low,0,LOS ANGELES,DISTRICT 22 - ANGELES,None,0,None,None,33.857551,-118.396644,26845,96853,32797831.97,42351.22058,11/14/2025
150,CA1910139,CA1910139,Water Service Area,CAL/AM WATER COMPANY - SAN MARINO,Not At-Risk,Low,0,LOS ANGELES,DISTRICT 07 - HOLLYWOOD,High,0,None,None,34.11906,-118.110571,14544,47995,32520018.33,57230.06899,11/14/2025
151,CA1910140,CA1910140,Water Service Area,RUBIO CANON LAND & WATER ASSOCIATION,At-Risk,High,0,LOS ANGELES,DISTRICT 16 - CENTRAL,None,0.75,None,Low,34.189196,-118.127491,3158,9215,7877124.492,20693.37621,11/14/2025
152,CA1910142,CA1910142,Water Service Area,GSWC-SAN DIMAS,Not At-Risk,Low,0,LOS ANGELES,DISTRICT 07 - HOLLYWOOD,Low,0,None,None,34.097809,-117.823867,16163,56538,51731470.12,59201.07786,11/14/2025
153,CA1910143,CA1910143,Water Service Area,"SAN FERNANDO-CITY, WATER DEPT.",Potentially At-Risk,Medium,7000000,LOS ANGELES,DISTRICT 16 - CENTRAL,Low,0,Medium,Low,34.288636,-118.43629,5400,23946,9140660.391,13519.59566,11/14/2025
154,CA1910144,CA1910144,Water Service Area,SAN GABRIEL COUNTY WD,Not At-Risk,Low,0,LOS ANGELES,DISTRICT 07 - HOLLYWOOD,None,0,Low,Low,34.09222,-118.094184,9693,39345,15339802.61,31542.5341,11/14/2025
155,CA1910146,CA1910146,Water Service Area,"SANTA MONICA-CITY, WATER DIVISION",Not At-Risk,Low,0,LOS ANGELES,DISTRICT 16 - CENTRAL,Low,0,Low,Low,34.023426,-118.481562,16884,89947,31877400.17,24462.7951,11/14/2025
156,CA1910147,CA1910147,Water Service Area,SUBURBAN WATER SYSTEMS - SATIVA,Potentially At-Risk,Medium,1835178,LOS ANGELES,DISTRICT 22 - ANGELES,Medium,0,Medium,Low,33.910227,-118.231594,1322,4363,1063343.02,4980.656024,11/14/2025
157,CA1910148,CA1910148,Water Service Area,"SIERRA MADRE-CITY, WATER DEPT.",Not At-Risk,Low,0,LOS ANGELES,DISTRICT 07 - HOLLYWOOD,None,0,None,Low,34.168715,-118.050293,3656,11000,11160132.94,14758.42964,11/14/2025
158,CA1910149,CA1910149,Water Service Area,"SIGNAL HILL - CITY, WATER DEPT.",Failing,High,0,LOS ANGELES,DISTRICT 07 - HOLLYWOOD,Medium,0,Medium,None,33.802868,-118.168065,3035,11848,8268795.547,20449.50275,11/14/2025
159,CA1910152,CA1910152,Water Service Area,"SOUTH GATE-CITY, WATER DEPT.",Potentially At-Risk,Medium,0,LOS ANGELES,DISTRICT 22 - ANGELES,Medium,0,Medium,Low,33.948442,-118.197953,14442,76443,25190938.32,29916.24991,11/14/2025
160,CA1910153,CA1910153,Water Service Area,SOUTH MONTEBELLO IRRIGATION DIST.,At-Risk,High,0,LOS ANGELES,DISTRICT 22 - ANGELES,High,0,Medium,Low,33.995963,-118.118253,2351,15021,5561628.668,10834.91759,11/14/2025
161,CA1910154,CA1910154,Water Service Area,CITY OF SOUTH PASADENA,Not At-Risk,Low,11937930,LOS ANGELES,DISTRICT 16 - CENTRAL,High,0,None,None,34.110229,-118.157171,6147,25329,12981568.68,16591.04213,11/14/2025
163,CA1910156,CA1910156,Water Service Area,"BEVERLY HILLS-CITY, WATER DEPT.",Not At-Risk,Low,0,LOS ANGELES,DISTRICT 22 - ANGELES,None,0,None,Medium,34.079026,-118.400311,10258,40121,24067402.77,38389.79823,11/14/2025
164,CA1910157,CA1910157,Water Service Area,SUNNY SLOPE WATER CO.,Potentially At-Risk,Medium,0,LOS ANGELES,DISTRICT 15 - METROPOLITAN,High,0.13,Low,None,34.113051,-118.07562,6314,25252,11680023.84,22076.49019,11/14/2025
165,CA1910158,CA1910158,Water Service Area,STERLING MUTUAL WATER COMPANY,At-Risk,High,0,LOS ANGELES,DISTRICT 22 - ANGELES,Medium,0.07,High,Low,34.078928,-118.012803,199,198,272477.5352,3036.797583,11/14/2025
166,CA1910159,CA1910159,Water Service Area,TRACT 180 MUTUAL WATER CO.,Not At-Risk,Low,0,LOS ANGELES,DISTRICT 07 - HOLLYWOOD,Medium,0,Medium,None,33.963308,-118.179542,1190,14000,2764024.988,7034.504623,11/14/2025
167,CA1910160,CA1910160,Water Service Area,TRACT 349 MUTUAL WATER CO.,Failing,High,3399231,LOS ANGELES,DISTRICT 07 - HOLLYWOOD,High,0,Medium,Low,33.965368,-118.191832,949,8700,1823023.328,6723.962382,11/14/2025
168,CA1910161,CA1910161,Water Service Area,LIBERTY UTILITIES - LYNWOOD,At-Risk,High,0,LOS ANGELES,DISTRICT 22 - ANGELES,None,0.37,Medium,Medium,33.900094,-118.19401,4414,24701,5484130.969,19285.59039,11/14/2025
169,CA1910163,CA1910163,Water Service Area,VALENCIA HEIGHTS WATER CO.,Not At-Risk,Low,1939868,LOS ANGELES,DISTRICT 16 - CENTRAL,Low,0,None,None,34.06,-117.868005,1684,7775,10569785.21,22809.23923,11/14/2025
170,CA1910165,CA1910165,Water Service Area,VALLEY VIEW MUTUAL WATER CO.,Not At-Risk,Low,0,LOS ANGELES,DISTRICT 07 - HOLLYWOOD,None,0,Low,Low,34.088491,-117.977688,1398,4613,1886754.195,7750.052601,11/14/2025
171,CA1910166,CA1910166,Water Service Area,VALLEY WATER CO.,Potentially At-Risk,Medium,0,LOS ANGELES,DISTRICT 15 - METROPOLITAN,High,0,None,Low,34.195339,-118.195835,3611,10070,14447076.11,24628.25204,11/14/2025
172,CA1910167,CA1910167,Water Service Area,"VERNON-CITY, WATER DEPT.",Not At-Risk,Low,0,LOS ANGELES,DISTRICT 15 - METROPOLITAN,None,0,Low,None,34.003101,-118.213668,1215,28112,16118747.3,25688.97893,11/14/2025
173,CA1910169,CA1910169,Water Service Area,WALNUT PARK MUTUAL WATER CO.,Not At-Risk,Low,3263449,LOS ANGELES,DISTRICT 07 - HOLLYWOOD,None,0,High,Low,33.969054,-118.219878,2832,16180,2949454.371,9602.570596,11/14/2025
174,CA1910173,CA1910173,Water Service Area,"WHITTIER-CITY, WATER DEPT.",Not At-Risk,Low,0,LOS ANGELES,DISTRICT 07 - HOLLYWOOD,Medium,0,Low,None,33.982515,-118.038069,12037,49954,25140590.13,40737.37969,11/14/2025
175,CA1910174,CA1910174,Water Service Area,SUBURBAN WATER SYSTEMS-WHITTIER,Not At-Risk,Low,0,LOS ANGELES,DISTRICT 07 - HOLLYWOOD,Medium,0,None,Low,33.946617,-118.008692,18072,66045,34639275.69,59332.89365,11/14/2025
177,CA1910185,CA1910185,Water Service Area,LOS ANGELES CWWD 36-VAL VERDE,Not At-Risk,Low,3750000,LOS ANGELES,DISTRICT 16 - CENTRAL,None,0,None,None,34.466437,-118.664797,1619,6376,44170036.62,44100.9049,11/14/2025
178,CA1910186,CA1910186,Water Service Area,CAL-AM WATER COMPANY - DUARTE,Not At-Risk,Low,0,LOS ANGELES,DISTRICT 07 - HOLLYWOOD,Low,0,None,None,34.13466,-117.963438,7507,24773,38387500.45,32014.92222,11/14/2025
179,CA1910189,CA1910189,Water Service Area,SAN GABRIEL VALLEY WATER CO-MONTEBELLO 1,Not At-Risk,Low,0,LOS ANGELES,DISTRICT 22 - ANGELES,None,0,None,Low,34.026764,-118.088198,1623,9630,7679203.047,23823.45033,11/14/2025
180,CA1910191,CA1910191,Water Service Area,"NORWALK - CITY, WATER DEPT.",Not At-Risk,Low,0,LOS ANGELES,DISTRICT 15 - METROPOLITAN,None,0,Low,None,33.904739,-118.074513,5401,20283,5507015.137,26329.44435,11/14/2025
181,CA1910194,CA1910194,Water Service Area,ROWLAND WATER DISTRICT,Not At-Risk,Low,0,LOS ANGELES,DISTRICT 22 - ANGELES,None,0,None,None,33.979672,-117.90811,13546,54660,58384690.34,43479.77067,11/14/2025
182,CA1910195,CA1910195,Water Service Area,GSWC - HOLLYDALE,Not At-Risk,Low,0,LOS ANGELES,DISTRICT 15 - METROPOLITAN,None,0,Low,None,33.917021,-118.165159,1675,8099,2353415.641,9637.010526,11/14/2025
184,CA1910200,CA1910200,Water Service Area,SUBURBAN WATER SYSTEMS-COVINA KNOLLS,Not At-Risk,Low,0,LOS ANGELES,DISTRICT 07 - HOLLYWOOD,None,0,None,None,34.078546,-117.854945,495,1437,2155696.832,13516.44263,11/14/2025
185,CA1910203,CA1910203,Water Service Area,"LOS ANGELES CWWD 40, R 24,27,33-PEARBLSM",Not At-Risk,Low,0,LOS ANGELES,DISTRICT 16 - CENTRAL,None,0,Medium,Low,34.513844,-117.910502,3001,11509,55933162.57,50047.13344,11/14/2025
186,CA1910204,CA1910204,Water Service Area,LOS ANGELES CWWD 29 & 80-MALIBU,Not At-Risk,Low,0,LOS ANGELES,DISTRICT 16 - CENTRAL,None,0,None,Low,33.977239,-118.450377,8087,32348,173990693.3,126626.8482,11/14/2025
188,CA1910211,CA1910211,Water Service Area,LIBERTY UTILITIES - BELLFLOWER-NORWALK,Potentially At-Risk,Medium,0,LOS ANGELES,DISTRICT 22 - ANGELES,Medium,0,Low,Medium,33.901461,-118.095928,16475,72624,24404958.66,67890.59012,11/14/2025
189,CA1910212,CA1910212,Water Service Area,GSWC-SOUTH ARCADIA,Not At-Risk,Low,0,LOS ANGELES,DISTRICT 07 - HOLLYWOOD,Low,0,Low,None,34.099478,-118.031798,7666,27072,12060829.05,40182.33537,11/14/2025
191,CA1910218,CA1910218,Water Service Area,LA HABRA HEIGHTS CWD,Not At-Risk,Low,0,LOS ANGELES,DISTRICT 07 - HOLLYWOOD,Medium,0,Low,None,33.959935,-117.951282,2000,5325,23339174.35,24569.25769,11/14/2025
192,CA1910223,CA1910223,Water Service Area,GSWC-SOUTH SAN GABRIEL,At-Risk,High,0,LOS ANGELES,DISTRICT 07 - HOLLYWOOD,High,0,Medium,None,34.062168,-118.098794,5047,26240,7410835.578,15225.6571,11/14/2025
193,CA1910225,CA1910225,Water Service Area,LAS VIRGENES MWD,Not At-Risk,Low,0,LOS ANGELES,DISTRICT 07 - HOLLYWOOD,None,0,None,None,34.101997,-118.758622,20225,72602,467570420.7,158375.8889,11/14/2025
195,CA1910239,CA1910239,Water Service Area,"LAKEWOOD - CITY, WATER DEPT.",Not At-Risk,Low,0,LOS ANGELES,DISTRICT 15 - METROPOLITAN,Medium,0,None,Low,33.858036,-118.130502,20041,66135,29042190.41,34171.62667,11/14/2025
197,CA1910241,CA1910241,Water Service Area,LIBERTY UTILITIES - MESA CREST,At-Risk,High,0,LOS ANGELES,DISTRICT 16 - CENTRAL,None,0.67,None,Medium,34.211271,-118.181735,702,1619,2532468.023,12156.80727,11/14/2025
198,CA1910242,CA1910242,Water Service Area,CALIFORNIA WATER SERVICE CO-LAKE HUGHES,Potentially At-Risk,Medium,0,LOS ANGELES,DISTRICT 22 - ANGELES,High,0.13,None,None,34.675749,-118.446988,214,929,2680294.762,10780.35769,11/14/2025
199,CA1910243,CA1910243,Water Service Area,CALIFORNIA WATER SERVICE CO-LEONA VALLEY,At-Risk,High,0,LOS ANGELES,DISTRICT 22 - ANGELES,High,0,None,None,34.615552,-118.300704,430,878,15417983.06,20436.85016,11/14/2025
200,CA1910244,CA1910244,Water Service Area,GREEN VALLEY CWD,Potentially At-Risk,Medium,0,LOS ANGELES,DISTRICT 15 - METROPOLITAN,High,0.1,Low,None,34.616284,-118.401204,499,1275,2232731.277,15847.70612,11/14/2025
201,CA1910245,CA1910245,Water Service Area,"SANTA FE SPRINGS - CITY, WATER DEPT.",Not At-Risk,Low,0,LOS ANGELES,DISTRICT 22 - ANGELES,None,0,Low,Low,33.94572,-118.074507,6165,19219,34185965.72,60882.92233,11/14/2025
202,CA1910246,CA1910246,Water Service Area,LAND PROJECTS MUTUAL WATER CO.,Failing,High,0,LOS ANGELES,DISTRICT 07 - HOLLYWOOD,High,0.09,None,Low,34.759119,-118.283203,548,2800,10342794.97,16185.16177,11/14/2025
204,CA1910248,CA1910248,Water Service Area,LOS ANGELES CWWD 37-ACTON,Not At-Risk,Low,0,LOS ANGELES,DISTRICT 16 - CENTRAL,Low,0,Low,Low,34.482323,-118.181331,1446,4805,75449905.04,88270.45767,11/14/2025
205,CA1910249,CA1910249,Water Service Area,WHITE FENCE FARMS MWC NO. 1,Not At-Risk,Low,0,LOS ANGELES,DISTRICT 22 - ANGELES,Low,0,None,None,34.631063,-118.17465,460,1518,11864148.99,19815.39248,11/14/2025
208,CA1910801,CA1910801,Water Service Area,FENNER CANYON YOUTH CONSERVATION CAMP,At-Risk,High,0,LOS ANGELES,DISTRICT 15 - METROPOLITAN,None,0.6,Low,Medium,34.390256,-117.770683,1,65,208099.4766,2735.652241,11/14/2025
